FIPS,state,state_code,state_name,county,county_code,Dem16,Rep16,Dem18,Rep18,Dist
2013,AK,2,Alaska,Aleutians East Borough,13,NA,NA,NA,NA,
2016,AK,2,Alaska,Aleutians West Census Area,16,NA,NA,NA,NA,
2020,AK,2,Alaska,Anchorage Municipality,20,NA,NA,NA,NA,
2050,AK,2,Alaska,Bethel Census Area,50,NA,NA,NA,NA,
2060,AK,2,Alaska,Bristol Bay Borough,60,NA,NA,NA,NA,
2068,AK,2,Alaska,Denali Borough,68,NA,NA,NA,NA,
2070,AK,2,Alaska,Dillingham Census Area,70,NA,NA,NA,NA,
2090,AK,2,Alaska,Fairbanks North Star Borough,90,NA,NA,NA,NA,
2100,AK,2,Alaska,Haines Borough,100,NA,NA,NA,NA,
2105,AK,2,Alaska,Hoonah-Angoon Census Area,105,NA,NA,NA,NA,
2110,AK,2,Alaska,Juneau City and Borough,110,NA,NA,NA,NA,
2122,AK,2,Alaska,Kenai Peninsula Borough,122,NA,NA,NA,NA,
2130,AK,2,Alaska,Ketchikan Gateway Borough,130,NA,NA,NA,NA,
2150,AK,2,Alaska,Kodiak Island Borough,150,NA,NA,NA,NA,
2158,AK,2,Alaska,Kusilvak Census Area,158,NA,NA,NA,NA,
2164,AK,2,Alaska,Lake and Peninsula Borough,164,NA,NA,NA,NA,
2170,AK,2,Alaska,Matanuska-Susitna Borough,170,NA,NA,NA,NA,
2180,AK,2,Alaska,Nome Census Area,180,NA,NA,NA,NA,
2185,AK,2,Alaska,North Slope Borough,185,NA,NA,NA,NA,
2188,AK,2,Alaska,Northwest Arctic Borough,188,NA,NA,NA,NA,
2195,AK,2,Alaska,Petersburg Census Area,195,NA,NA,NA,NA,
2198,AK,2,Alaska,Prince of Wales-Hyder Census Area,198,NA,NA,NA,NA,
2220,AK,2,Alaska,Sitka City and Borough,220,NA,NA,NA,NA,
2230,AK,2,Alaska,Skagway Municipality,230,NA,NA,NA,NA,
2240,AK,2,Alaska,Southeast Fairbanks Census Area,240,NA,NA,NA,NA,
2261,AK,2,Alaska,Valdez-Cordova Census Area,261,NA,NA,NA,NA,
2270,AK,2,Alaska,Wade Hampton Census Area,270,NA,NA,NA,NA,
2275,AK,2,Alaska,Wrangell City and Borough,275,NA,NA,NA,NA,
2282,AK,2,Alaska,Yakutat City and Borough,282,NA,NA,NA,NA,
2290,AK,2,Alaska,Yukon-Koyukuk Census Area,290,NA,NA,NA,NA,
4001,AZ,4,Arizona,Apache County,1,17906,7573,16905,8078,1
4005,AZ,4,Arizona,Coconino County,5,33918,18962,35864,18780,1
4007,AZ,4,Arizona,Gila County,7,4350,3097,4022,2812,1
4009,AZ,4,Arizona,Graham County,9,4315,6715,3658,6886,1
4011,AZ,4,Arizona,Greenlee County,11,1454,1497,1160,1379,1
4013,AZ,4,Arizona,Maricopa County,13,354,100,309,46,1
4015,AZ,4,Arizona,Mohave County,15,199,71,180,75,1
4017,AZ,4,Arizona,Navajo County,17,19160,16926,18018,18331,1
4019,AZ,4,Arizona,Pima County,19,22421,28311,24662,28704,1
4021,AZ,4,Arizona,Pinal County,21,30493,32117,30465,30650,1
4025,AZ,4,Arizona,Yavapai County,25,7649,6376,7997,7043,1
4003,AZ,4,Arizona,Cochise County,3,15718,33692,18539,26210,2
4019,AZ,4,Arizona,Pima County,19,120155,146114,142461,106892,2
4013,AZ,4,Arizona,Maricopa County,13,46902,425,56256,25548,3
4021,AZ,4,Arizona,Pinal County,21,117,1,102,4,3
4023,AZ,4,Arizona,Santa Cruz County,23,12789,104,9109,4314,3
4027,AZ,4,Arizona,Yuma County,27,20245,96,14485,9280,3
4007,AZ,4,Arizona,Gila County,7,3379,10522,3510,9794,4
4012,AZ,4,Arizona,La Paz County,12,1641,3901,1399,3533,4
4013,AZ,4,Arizona,Maricopa County,13,5443,14232,6697,14639,4
4015,AZ,4,Arizona,Mohave County,15,18498,56136,16873,52492,4
4021,AZ,4,Arizona,Pinal County,21,18923,39374,19371,34481,4
4025,AZ,4,Arizona,Yavapai County,25,27432,64689,30849,60246,4
4027,AZ,4,Arizona,Yuma County,27,5980,14633,5822,13657,4
4013,AZ,4,Arizona,Maricopa County,13,114940,205184,127027,186037,5
4013,AZ,4,Arizona,Maricopa County,13,122866,201578,140559,173140,6
4013,AZ,4,Arizona,Maricopa County,13,119465,39286,113044,301,7
4013,AZ,4,Arizona,Maricopa County,13,0,205017,135569,168835,8
4013,AZ,4,Arizona,Maricopa County,13,169055,108350,159583,101662,9
6007,CA,6,California,Butte County,7,46244,48412,48127,41063,1
6021,CA,6,California,Glenn County,21,196,775,194,712,1
6035,CA,6,California,Lassen County,35,2462,7946,2456,6556,1
6049,CA,6,California,Modoc County,49,1000,2796,1041,2421,1
6057,CA,6,California,Nevada County,57,23038,23481,25572,20718,1
6061,CA,6,California,Placer County,61,8622,14744,9281,13414,1
6063,CA,6,California,Plumas County,63,3623,5938,4003,5221,1
6089,CA,6,California,Shasta County,89,26911,52168,24755,45308,1
6091,CA,6,California,Sierra County,91,645,"1,142",707,956,1
6093,CA,6,California,Siskiyou County,93,"7,877","12,337",8391,9792,1
6103,CA,6,California,Tehama County,103,"7,970","15,709",7051,13885,1
6015,CA,6,California,Del Norte County,15,"4,770","4,300",3920,4339,2
6023,CA,6,California,Humboldt County,23,"40,908","16,070",36466,15622,2
6041,CA,6,California,Marin County,41,"110,165","22,591",107005,20700,2
6045,CA,6,California,Mendocino County,45,"25,901","9,736",23839,9240,2
6097,CA,6,California,Sonoma County,97,"69,572","21,311",69247,20028,2
6105,CA,6,California,Trinity County,105,"2,878","2,564",2604,2647,2
6011,CA,6,California,Colusa County,11,"3,126","3,352",2411,3277,3
6021,CA,6,California,Glenn County,21,"2,888","5,553",2836,4513,3
6033,CA,6,California,Lake County,33,"6,051","4,265",5134,3890,3
6067,CA,6,California,Sacramento County,67,"5,879","5,652",4972,5665,3
6095,CA,6,California,Solano County,95,"63,506","39,721",56070,37498,3
6101,CA,6,California,Sutter County,101,"15,993","16,702",13572,16108,3
6113,CA,6,California,Yolo County,113,"45,334","17,272",41836,15479,3
6115,CA,6,California,Yuba County,115,"9,736","11,936",8044,10946,3
6003,CA,6,California,Alpine County,3,329,262,420,199,4
6005,CA,6,California,Amador County,5,"5,914","11,583",7206,10285,4
6009,CA,6,California,Calaveras County,9,"8,037","14,667",9006,12518,4
6017,CA,6,California,El Dorado County,17,"35,067","57,068",41155,48034,4
6019,CA,6,California,Fresno County,19,"1,499","5,617",1720,5072,4
6039,CA,6,California,Madera County,39,"3,895","9,877",4565,8507,4
6043,CA,6,California,Mariposa County,43,"3,147","5,681",3513,4713,4
6057,CA,6,California,Nevada County,57,"4,914","2,671",6094,1849,4
6061,CA,6,California,Placer County,61,"58,648","96,970",71978,80003,4
6109,CA,6,California,Tuolumne County,109,"9,395","15,737",10596,13221,4
6013,CA,6,California,Contra Costa County,13,"28,349","8,552",25940,0,5
6033,CA,6,California,Lake County,33,"8,615","4,245",7570,0,5
6055,CA,6,California,Napa County,55,"46,071","14,187",41640,0,5
6095,CA,6,California,Solano County,95,"45,866","11,847",39568,0,5
6097,CA,6,California,Sonoma County,97,"95,625","28,734",91142,0,5
6067,CA,6,California,Sacramento County,67,"166,057","52,412",187836,0,6
6113,CA,6,California,Yolo County,113,"11,508","5,436",14103,0,6
6067,CA,6,California,Sacramento County,67,"152,133","145,168",155016,126601,7
6027,CA,6,California,Inyo County,27,"3,026","4,866",0,6150,8
6051,CA,6,California,Mono County,51,"2,602","2,563",0,3905,8
6071,CA,6,California,San Bernardino County,71,"77,407","129,543",0,160730,8
6013,CA,6,California,Contra Costa County,13,"43,867","28,629",39093,25412,9
6067,CA,6,California,Sacramento County,67,"4,008","5,293",3788,5048,9
6077,CA,6,California,San Joaquin County,77,"85,288","65,070",70533,56889,9
6077,CA,6,California,San Joaquin County,77,"34,042","35,132",34553,30609,10
6099,CA,6,California,Stanislaus County,99,"82,428","89,539",81392,75346,10
6013,CA,6,California,Contra Costa County,13,"214,868","83,341",204369,71312,11
6075,CA,6,California,San Francisco County,75,"274,035","64,810",275292,41780,12
6001,CA,6,California,Alameda County,1,"293,117","29,754",260580,0,13
6075,CA,6,California,San Francisco County,75,0,0,0,0,13
6075,CA,6,California,San Francisco County,75,"34,294","6,702",31632,6487,14
6081,CA,6,California,San Mateo County,81,"197,336","48,115",179752,48952,14
6001,CA,6,California,Alameda County,1,"177,006","60,413",157623,56884,15
6013,CA,6,California,Contra Costa County,13,"21,572","10,206",20366,9056,15
6019,CA,6,California,Fresno County,19,"48,153","21,609",39348,19506,16
6039,CA,6,California,Madera County,39,"11,766","16,508",10835,14470,16
6047,CA,6,California,Merced County,47,"37,554","32,366",32083,26717,16
6001,CA,6,California,Alameda County,1,"21,925","36,605",38980,13443,17
6085,CA,6,California,Santa Clara County,85,"68,999","105,663",120125,38614,17
6081,CA,6,California,San Mateo County,81,"42,100","14,685",41396,12226,18
6085,CA,6,California,Santa Clara County,85,"168,112","70,606",163535,57596,18
6087,CA,6,California,Santa Cruz County,87,"20,248","8,179",20211,7274,18
6085,CA,6,California,Santa Clara County,85,"181,802","64,061",162496,57823,19
6053,CA,6,California,Monterey County,53,"90,314","43,131",90402,0,20
6069,CA,6,California,San Benito County,69,"12,779","8,724",13974,0,20
6085,CA,6,California,Santa Clara County,85,"3,519","1,125",3059,0,20
6087,CA,6,California,Santa Cruz County,87,"74,368","21,831",76242,0,20
6019,CA,6,California,Fresno County,19,"18,136","26,999",19914,20480,21
6029,CA,6,California,Kern County,29,"27,259","21,696",23988,15196,21
6031,CA,6,California,Kings County,31,"9,955","24,033",11566,18725,21
6107,CA,6,California,Tulare County,107,"1,932","2,398",1771,1976,21
6019,CA,6,California,Fresno County,19,"49,039","102,580",69740,76147,22
6107,CA,6,California,Tulare County,107,"27,172","56,175",35396,41096,22
6029,CA,6,California,Kern County,29,"54,072","137,257",55871,106757,23
6037,CA,6,California,Los Angeles County,37,"11,881","15,729",11072,12822,23
6107,CA,6,California,Tulare County,107,"8,515","14,130",7718,11534,23
6079,CA,6,California,San Luis Obispo County,79,"64,718","68,710",68115,57454,24
6083,CA,6,California,Santa Barbara County,83,"98,887","74,423",95865,59051,24
6111,CA,6,California,Ventura County,111,"2,429","1,647",2570,1376,24
6037,CA,6,California,Los Angeles County,37,"99,962","108,545",108355,86562,25
6111,CA,6,California,Ventura County,111,"22,444","30,210",24854,25251,25
6037,CA,6,California,Los Angeles County,37,"2,395","2,076",2454,1915,26
6111,CA,6,California,Ventura County,111,"166,853","108,983",155762,95295,26
6037,CA,6,California,Los Angeles County,37,"161,690","71,728",190251,0,27
6071,CA,6,California,San Bernardino County,71,"7,287","9,927",12385,0,27
6037,CA,6,California,Los Angeles County,37,"210,883","59,526",196662,54272,28
6037,CA,6,California,Los Angeles County,37,"171,824",0,124697,29995,29
6037,CA,6,California,Los Angeles County,37,"204,674","76,836",191006,68991,30
6111,CA,6,California,Ventura County,111,605,489,567,429,30
6071,CA,6,California,San Bernardino County,71,"121,070","94,866",110143,77352,31
6037,CA,6,California,Los Angeles County,37,"186,646",0,121759,55272,32
6037,CA,6,California,Los Angeles County,37,"219,397","110,822",219091,93769,33
6037,CA,6,California,Los Angeles County,37,"159,156",0,110195,0,34
6037,CA,6,California,Los Angeles County,37,"27,821","7,852",23107,7455,35
6071,CA,6,California,San Bernardino County,71,"96,223","39,457",80313,38149,35
6065,CA,6,California,Riverside County,65,"144,348","88,269",122169,84839,36
6037,CA,6,California,Los Angeles County,37,"237,272",0,210555,25823,37
6037,CA,6,California,Los Angeles County,37,"160,310","65,751",136198,60381,38
6059,CA,6,California,Orange County,59,"3,280","2,773",2990,2587,38
6037,CA,6,California,Los Angeles County,37,"30,222","32,502",34356,24725,39
6059,CA,6,California,Orange County,59,"71,111","100,989",78059,80123,39
6071,CA,6,California,San Bernardino County,71,"11,346","17,286",13587,13543,39
6037,CA,6,California,Los Angeles County,37,"106,554",0,93938,0,40
6065,CA,6,California,Riverside County,65,"128,164","69,159",108227,58021,41
6065,CA,6,California,Riverside County,65,"104,689","149,547",100892,131040,42
6037,CA,6,California,Los Angeles County,37,"167,017","52,499",152272,43780,43
6037,CA,6,California,Los Angeles County,37,"85,289","93,124",143322,0,44
6059,CA,6,California,Orange County,59,"129,231","182,618",158906,146383,45
6059,CA,6,California,Orange County,59,"164,593",0,102278,45638,46
6037,CA,6,California,Los Angeles County,37,"102,693","44,120",97113,37597,47
6059,CA,6,California,Orange County,59,"52,066","43,989",46241,40085,47
6059,CA,6,California,Orange County,59,"127,715","178,701",157837,136899,48
6059,CA,6,California,Orange County,59,"31,100","47,673",35124,40325,49
6073,CA,6,California,San Diego County,73,"123,167","108,215",166453,128577,49
6065,CA,6,California,Riverside County,65,"11,192","20,004",12603,15650,50
6073,CA,6,California,San Diego County,73,"92,454","159,933",112845,118712,50
6025,CA,6,California,Imperial County,25,"32,556","14,428",22112,11225,51
6073,CA,6,California,San Diego County,73,"112,606","39,934",87415,33076,51
6073,CA,6,California,San Diego County,73,"181,253","139,403",188992,107015,52
6073,CA,6,California,San Diego County,73,"198,988","97,968",185667,83127,53
8005,CO,8,Colorado,Arapahoe County,5,"14,933","10,318",15648,8300,1
8031,CO,8,Colorado,Denver County,31,"225,893","71,651",239299,57186,1
8059,CO,8,Colorado,Jefferson County,59,"16,428","23,061",17961,19721,1
8013,CO,8,Colorado,Boulder County,13,"101,137","27,388",100066,22169,2
8014,CO,8,Colorado,Broomfield County,14,"19,551","15,173",20290,13019,2
8019,CO,8,Colorado,Clear Creek County,19,"2,815","2,441",2847,2062,2
8037,CO,8,Colorado,Eagle County,37,"3,964","1,933",3641,1527,2
8047,CO,8,Colorado,Gilpin County,47,"1,742","1,412",1732,1304,2
8049,CO,8,Colorado,Grand County,49,"3,397","4,310",3328,3609,2
8059,CO,8,Colorado,Jefferson County,59,"22,930","24,763",24426,22005,2
8069,CO,8,Colorado,Larimer County,69,"93,427","84,683",92787,72558,2
8093,CO,8,Colorado,Park County,93,"1,745","2,874",1656,2580,2
8117,CO,8,Colorado,Summit County,117,"9,467","5,024",8835,4068,2
8003,CO,8,Colorado,Alamosa County,3,"3,452","3,226",2875,2977,3
8007,CO,8,Colorado,Archuleta County,7,"2,525","4,229",2635,3850,3
8021,CO,8,Colorado,Conejos County,21,"2,031","1,908",1547,1888,3
8023,CO,8,Colorado,Costilla County,23,"1,187",537,1043,527,3
8027,CO,8,Colorado,Custer County,27,781,"2,132",799,1944,3
8029,CO,8,Colorado,Delta County,29,"4,741","11,265",4543,9958,3
8033,CO,8,Colorado,Dolores County,33,381,784,257,878,3
8037,CO,8,Colorado,Eagle County,37,"9,617","7,584",9667,6408,3
8045,CO,8,Colorado,Garfield County,45,"12,030","13,186",11410,11836,3
8051,CO,8,Colorado,Gunnison County,51,"5,695","3,277",5383,2991,3
8053,CO,8,Colorado,Hinsdale County,53,216,350,211,321,3
8055,CO,8,Colorado,Huerfano County,55,"1,575","1,998",1638,1764,3
8057,CO,8,Colorado,Jackson County,57,195,616,138,599,3
8067,CO,8,Colorado,La Plata County,67,"1,755","1,187",15556,11586,3
8065,CO,8,Colorado,Lake County,65,"15,588","13,769",1645,1057,3
8077,CO,8,Colorado,Mesa County,77,"21,167","51,277",21460,42483,3
8079,CO,8,Colorado,Mineral County,79,285,331,246,326,3
8081,CO,8,Colorado,Moffat County,81,"1,114","5,033",842,4347,3
8083,CO,8,Colorado,Montezuma County,83,"4,578","7,511",4275,6943,3
8085,CO,8,Colorado,Montrose County,85,"5,442","14,466",5388,12767,3
8091,CO,8,Colorado,Ouray County,91,"1,710","1,465",1826,1278,3
8097,CO,8,Colorado,Pitkin County,97,"7,493","2,696",7150,2446,3
8101,CO,8,Colorado,Pueblo County,101,"32,430","41,311",30541,31787,3
8103,CO,8,Colorado,Rio Blanco County,103,487,"2,749",396,2544,3
8105,CO,8,Colorado,Rio Grande County,105,"2,212","3,140",1804,2936,3
8107,CO,8,Colorado,Routt County,107,"7,350","5,762",8353,4603,3
8109,CO,8,Colorado,Saguache County,109,"1,669","1,051",1502,1052,3
8111,CO,8,Colorado,San Juan County,111,248,222,264,172,3
8113,CO,8,Colorado,San Miguel County,113,"2,960","1,158",3032,937,3
8001,CO,8,Colorado,Adams County,1,739,"2,978",881,2707,4
8005,CO,8,Colorado,Arapahoe County,5,760,"3,218",834,3003,4
8009,CO,8,Colorado,Baca County,9,298,"1,701",320,1543,4
8011,CO,8,Colorado,Bent County,11,627,"1,211",651,1208,4
8013,CO,8,Colorado,Boulder County,13,"25,600","19,774",30005,15947,4
8017,CO,8,Colorado,Cheyenne County,17,127,914,130,853,4
8025,CO,8,Colorado,Crowley County,25,348,"1,074",412,980,4
8035,CO,8,Colorado,Douglas County,35,"36,015","80,776",46821,71069,4
8039,CO,8,Colorado,Elbert County,39,"2,719","11,769",3404,11170,4
8061,CO,8,Colorado,Kiowa County,61,200,623,96,671,4
8063,CO,8,Colorado,Kit Carson County,63,493,"2,964",515,2559,4
8071,CO,8,Colorado,Las Animas County,71,"2,734","3,627",2999,3231,4
8073,CO,8,Colorado,Lincoln County,73,382,"1,902",373,1708,4
8075,CO,8,Colorado,Logan County,75,"1,692","7,339",1863,6667,4
8087,CO,8,Colorado,Morgan County,87,"2,898","8,397",2927,7680,4
8089,CO,8,Colorado,Otero County,89,"2,964","5,227",2892,4558,4
8095,CO,8,Colorado,Phillips County,95,385,"1,816",398,1634,4
8099,CO,8,Colorado,Prowers County,99,"1,600","3,232",1097,3036,4
8115,CO,8,Colorado,Sedgwick County,115,228,"1,037",269,935,4
8121,CO,8,Colorado,Washington County,121,249,"2,297",275,2129,4
8123,CO,8,Colorado,Weld County,123,"41,926","82,410",47727,77310,4
8125,CO,8,Colorado,Yuma County,125,658,"3,946",655,3440,4
8015,CO,8,Colorado,Chaffee County,15,"4,506","5,790",5506,5035,5
8041,CO,8,Colorado,El Paso County,41,"96,903","191,983",109510,155070,5
8043,CO,8,Colorado,Fremont County,43,"5,273","15,000",5972,12752,5
8093,CO,8,Colorado,Park County,93,"1,638","3,051",1818,2770,5
8119,CO,8,Colorado,Teller County,119,"3,356","9,621",4042,8375,5
8001,CO,8,Colorado,Adams County,1,"18,771","24,721",22749,21007,6
8005,CO,8,Colorado,Arapahoe County,5,"121,385","129,749",138261,97623,6
8035,CO,8,Colorado,Douglas County,35,"20,216","37,156",26629,30055,6
8001,CO,8,Colorado,Adams County,1,"77,269","52,474",73382,42687,7
8059,CO,8,Colorado,Jefferson County,59,"122,489","91,592",130878,77047,7
9001,CT,9,Connecticut,Fairfield County,1,NA,NA,NA,NA,
9003,CT,9,Connecticut,Hartford County,3,NA,NA,NA,NA,
9005,CT,9,Connecticut,Litchfield County,5,NA,NA,NA,NA,
9007,CT,9,Connecticut,Middlesex County,7,NA,NA,NA,NA,
9009,CT,9,Connecticut,New Haven County,9,NA,NA,NA,NA,
9011,CT,9,Connecticut,New London County,11,NA,NA,NA,NA,
9013,CT,9,Connecticut,Tolland County,13,NA,NA,NA,NA,
9015,CT,9,Connecticut,Windham County,15,NA,NA,NA,NA,
12033,FL,12,Florida,Escambia County,33,58192,89209,54734,73752,1
12059,FL,12,Florida,Holmes County,59,776,4391,494,3828,1
12091,FL,12,Florida,Okaloosa County,91,27135,71684,23694,60222,1
12113,FL,12,Florida,Santa Rosa County,113,20396,65144,19948,55526,1
12131,FL,12,Florida,Walton County,131,7580,24679,7329,22861,1
12005,FL,12,Florida,Bay County,5,19664,63115,15834,47366,2
12013,FL,12,Florida,Calhoun County,13,1331,4423,925,3666,2
12023,FL,12,Florida,Columbia County,23,5704,17558,5274,16269,2
12029,FL,12,Florida,Dixie County,29,1406,5199,989,4750,2
12037,FL,12,Florida,Franklin County,37,1787,3905,1805,3589,2
12041,FL,12,Florida,Gilchrist County,41,1528,6354,1324,5991,2
12045,FL,12,Florida,Gulf County,45,1718,5205,1458,4411,2
12059,FL,12,Florida,Holmes County,59,400,2548,293,2135,2
12063,FL,12,Florida,Jackson County,63,6410,13630,4891,10935,2
12065,FL,12,Florida,Jefferson County,65,255,424,235,432,2
12067,FL,12,Florida,Lafayette County,67,587,2569,458,2328,2
12073,FL,12,Florida,Leon County,73,34104,35843,36554,31401,2
12075,FL,12,Florida,Levy County,75,5057,12813,4715,12168,2
12077,FL,12,Florida,Liberty County,77,797,2243,580,2077,2
12083,FL,12,Florida,Marion County,83,8726,17045,9183,16712,2
12121,FL,12,Florida,Suwannee County,121,4109,13553,3472,12376,2
12123,FL,12,Florida,Taylor County,123,2422,6391,1982,5879,2
12129,FL,12,Florida,Wakulla County,129,4583,9942,4469,9623,2
12133,FL,12,Florida,Washington County,133,2213,8403,1792,7227,2
12001,FL,12,Florida,Alachua County,1,71025,51126,70937,43579,3
12007,FL,12,Florida,Bradford County,7,3110,8411,2460,7983,3
12019,FL,12,Florida,Clay County,19,26021,73786,26019,66733,3
12083,FL,12,Florida,Marion County,83,23360,37315,21071,34867,3
12107,FL,12,Florida,Putnam County,107,11685,18858,8494,19490,3
12125,FL,12,Florida,Union County,125,1137,4347,899,3964,3
12031,FL,12,Florida,Duval County,31,74454,170106,79205,141476,4
12089,FL,12,Florida,Nassau County,89,8755,35663,9895,32571,4
12109,FL,12,Florida,St. Johns County,109,29879,81740,34251,74373,4
12003,FL,12,Florida,Baker County,3,2912,9350,1966,8448,5
12023,FL,12,Florida,Columbia County,23,2057,1368,1664,1291,5
12031,FL,12,Florida,Duval County,31,105065,64581,100459,47548,5
12039,FL,12,Florida,Gadsden County,39,16542,4996,14612,5356,5
12047,FL,12,Florida,Hamilton County,47,2520,2726,1756,2746,5
12065,FL,12,Florida,Jefferson County,65,4069,2766,3484,3136,5
12073,FL,12,Florida,Leon County,73,57231,18484,53130,17173,5
12079,FL,12,Florida,Madison County,79,4153,4054,3456,4101,5
12035,FL,12,Florida,Flagler County,35,21363,33772,21635,30583,6
12069,FL,12,Florida,Lake County,69,14635,25477,13737,23484,6
12109,FL,12,Florida,St. Johns County,109,6174,12506,6607,11235,6
12127,FL,12,Florida,Volusia County,127,108879,141764,103779,122589,6
12095,FL,12,Florida,Orange County,95,78203,56763,76770,42862,7
12117,FL,12,Florida,Seminole County,117,redist,redist,106343,91423,7
12009,FL,12,Florida,Brevard County,9,100858,192156,112989,167649,8
12061,FL,12,Florida,Indian River County,61,23813,50249,27005,46744,8
12095,FL,12,Florida,Orange County,95,2456,4078,2421,3719,8
12095,FL,12,Florida,Orange County,95,50419,31072,46401,25355,9
12097,FL,12,Florida,Osceola County,97,85582,49595,71924,41829,9
12105,FL,12,Florida,Polk County,105,59310,63783,53847,57381,9
12095,FL,12,Florida,Orange County,95,198491,107498,NA,NA,10
12017,FL,12,Florida,Citrus County,17,21681,51587,22380,47839,11
12053,FL,12,Florida,Hernando County,53,31349,55509,30385,49362,11
12069,FL,12,Florida,Lake County,69,23491,50807,25885,46701,11
12083,FL,12,Florida,Marion County,83,27909,48126,27198,43862,11
12119,FL,12,Florida,Sumter County,119,20283,51987,22205,51631,11
12057,FL,12,Florida,Hillsborough County,57,2086,5216,2425,4159,12
12101,FL,12,Florida,Pasco County,101,74832,159472,80624,124959,12
12103,FL,12,Florida,Pinellas County,103,39192,88871,49795,65446,12
12103,FL,12,Florida,Pinellas County,103,184693,171149,182717,134254,13
12057,FL,12,Florida,Hillsborough County,57,195789,121088,NA,NA,14
12057,FL,12,Florida,Hillsborough County,57,71353,88134,70108,71775,15
12069,FL,12,Florida,Lake County,69,20575,25618,21227,22764,15
12105,FL,12,Florida,Polk County,105,43547,69247,42797,56841,15
12057,FL,12,Florida,Hillsborough County,57,37944,50015,40610,44798,16
12081,FL,12,Florida,Manatee County,81,64632,110507,67653,95137,16
12115,FL,12,Florida,Sarasota County,115,52686,70132,56200,57548,16
12015,FL,12,Florida,Charlotte County,15,31117,57440,32617,53387,17
12027,FL,12,Florida,DeSoto County,27,3666,6409,3253,5557,17
12043,FL,12,Florida,Glades County,43,1228,2828,1184,2598,17
12049,FL,12,Florida,Hardee County,49,2152,4806,1903,4428,17
12055,FL,12,Florida,Highlands County,55,13697,28599,13299,25913,17
12071,FL,12,Florida,Lee County,71,12183,21724,11735,19500,17
12093,FL,12,Florida,Okeechobee County,93,3624,8984,3415,7665,17
12105,FL,12,Florida,Polk County,105,12508,19134,11209,17261,17
12115,FL,12,Florida,Sarasota County,115,35799,59424,38579,57017,17
12085,FL,12,Florida,Martin County,85,28474,53479,27694,50235,18
12099,FL,12,Florida,Palm Beach County,99,67203,81100,66479,74025,18
12111,FL,12,Florida,St. Lucie County,111,66336,67229,62281,61645,18
12021,FL,12,Florida,Collier County,21,25849,63315,27944,56431,19
12071,FL,12,Florida,Lee County,71,97963,175910,100162,155034,19
12011,FL,12,Florida,Broward County,11,164034,33658,147258,0,20
12099,FL,12,Florida,Palm Beach County,99,59100,21102,55401,0,20
12099,FL,12,Florida,Palm Beach County,99,214387,120516,NA,NA,21
12011,FL,12,Florida,Broward County,11,162460,107939,148675,85579,22
12099,FL,12,Florida,Palm Beach County,99,36989,30989,35959,27470,22
12011,FL,12,Florida,Broward County,11,168712,118381,148833,89286,23
12086,FL,12,Florida,Miami-Dade County,86,14513,12437,12778,10160,23
12021,FL,12,Florida,Collier County,21,25035,49625,27393,42775,25
12051,FL,12,Florida,Hendry County,51,4332,6205,3557,5051,25
12086,FL,12,Florida,Miami-Dade County,86,65952,102091,53223,80846,25
12086,FL,12,Florida,Miami-Dade County,86,100089,125331,103126,96371,26
12087,FL,12,Florida,Monroe County,87,15404,23216,16671,19307,26
12086,FL,12,Florida,Miami-Dade County,86,129760,157917,130743,115588,27
15003,HI,15,Hawaii,Honolulu County,3,"145,417","45,958","134,650","42,498",1
15001,HI,15,Hawaii,Hawaii County,1,"51,047","11,453","45,237","12,138",2
15003,HI,15,Hawaii,Honolulu County,3,"57,922","15,205","48,434","19,416",2
15007,HI,15,Hawaii,Kauai County,7,"20,833","4,297","19,694","4,580",2
15009,HI,15,Hawaii,Maui County,9,"41,046","8,713","39,906","8,716",2
16001,ID,16,Idaho,Ada County,1,"33,138","65,546","30,372","56,449",1
16003,ID,16,Idaho,Adams County,3,609,"1,534",427,"1,291",1
16009,ID,16,Idaho,Benewah County,9,"1,002","3,114",894,"2,471",1
16015,ID,16,Idaho,Boise County,15,"1,158","2,599",800,"2,346",1
16017,ID,16,Idaho,Bonner County,17,"6,800","13,617","6,061","11,067",1
16021,ID,16,Idaho,Boundary County,21,"1,149","3,958",929,"3,005",1
16027,ID,16,Idaho,Canyon County,27,"21,831","50,174","17,690","40,512",1
16035,ID,16,Idaho,Clearwater County,35,962,"2,740",710,"2,188",1
16045,ID,16,Idaho,Gem County,45,"1,967","5,893","1,315","5,173",1
16049,ID,16,Idaho,Idaho County,49,"1,701","6,406","1,276","5,191",1
16055,ID,16,Idaho,Kootenai County,55,"18,880","46,330","16,665","36,669",1
16057,ID,16,Idaho,Latah County,57,"9,073","9,075","8,177","6,307",1
16061,ID,16,Idaho,Lewis County,61,374,"1,217",266,"1,006",1
16069,ID,16,Idaho,Nez Perce County,69,"5,990","11,162","4,930","8,225",1
16073,ID,16,Idaho,Owyhee County,73,841,"3,027",599,"2,586",1
16075,ID,16,Idaho,Payette County,75,"2,227","6,392","1,471","5,464",1
16079,ID,16,Idaho,Shoshone County,79,"1,887","3,194","1,427","2,328",1
16085,ID,16,Idaho,Valley County,85,"2,324","3,003","2,123","2,608",1
16087,ID,16,Idaho,Washington County,87,"1,139","3,271",790,"2,833",1
16001,ID,16,Idaho,Ada County,1,"44,551","45,231","55,821","38,619",2
16005,ID,16,Idaho,Bannock County,5,"11,671","19,311","12,423","16,370",2
16007,ID,16,Idaho,Bear Lake County,7,322,"2,375",291,"1,844",2
16011,ID,16,Idaho,Bingham County,11,"3,049","11,578","3,054","9,927",2
16013,ID,16,Idaho,Blaine County,13,"5,640","4,820","6,764","3,670",2
16019,ID,16,Idaho,Bonneville County,19,"8,699","30,653","9,446","25,370",2
16023,ID,16,Idaho,Butte County,23,170,941,175,836,2
16025,ID,16,Idaho,Camas County,25,125,416,133,392,2
16029,ID,16,Idaho,Caribou County,29,354,"2,399",323,"1,916",2
16031,ID,16,Idaho,Cassia County,31,"1,091","6,135","1,027","5,067",2
16033,ID,16,Idaho,Clark County,33,38,212,32,217,2
16037,ID,16,Idaho,Custer County,37,413,"1,628",453,"1,609",2
16039,ID,16,Idaho,Elmore County,39,"1,858","5,842","1,991","4,933",2
16041,ID,16,Idaho,Franklin County,41,477,"4,590",399,"3,396",2
16043,ID,16,Idaho,Fremont County,43,735,"4,351",751,"3,981",2
16047,ID,16,Idaho,Gooding County,47,"1,000","3,676",958,"3,414",2
16051,ID,16,Idaho,Jefferson County,51,"1,249","8,765","1,183","7,379",2
16053,ID,16,Idaho,Jerome County,53,"1,320","4,710","1,299","4,000",2
16059,ID,16,Idaho,Lemhi County,59,716,"2,940",802,"2,608",2
16063,ID,16,Idaho,Lincoln County,63,376,"1,221",350,"1,111",2
16065,ID,16,Idaho,Madison County,65,"1,469","12,473","1,410","7,292",2
16067,ID,16,Idaho,Minidoka County,67,"1,221","4,785","1,081","4,004",2
16071,ID,16,Idaho,Oneida County,71,223,"1,653",199,"1,292",2
16077,ID,16,Idaho,Power County,77,696,"1,885",648,"1,537",2
16081,ID,16,Idaho,Teton County,81,"2,182","2,605","2,503","2,244",2
16083,ID,16,Idaho,Twin Falls County,83,"6,295","20,097","6,865","17,246",2
25003,MA,25,Massachusetts,Berkshire County,3,45739,0,44678,0,1
25011,MA,25,Massachusetts,Franklin County,11,5510,0,6263,0,1
25013,MA,25,Massachusetts,Hampden County,13,144014,0,121380,0,1
25015,MA,25,Massachusetts,Hampshire County,15,23162,0,22729,0,1
25027,MA,25,Massachusetts,Worcester County,27,17378,0,16740,0,1
25011,MA,25,Massachusetts,Franklin County,11,24842,0,19278,5726,2
25013,MA,25,Massachusetts,Hampden County,13,143,0,74,68,2
25015,MA,25,Massachusetts,Hampshire County,15,42116,0,34258,7084,2
25021,MA,25,Massachusetts,Norfolk County,21,1320,0,821,651,2
25027,MA,25,Massachusetts,Worcester County,27,207066,0,136901,79862,2
25009,MA,25,Massachusetts,Essex County,9,62735,26076,42444,22193,3
25017,MA,25,Massachusetts,Middlesex County,17,135427,60108,103562,51628,3
25027,MA,25,Massachusetts,Worcester County,27,38551,21335,27169,19624,3
25005,MA,25,Massachusetts,Bristol County,5,101477,53731,90732,0,4
25017,MA,25,Massachusetts,Middlesex County,17,44064,10583,41055,0,4
25021,MA,25,Massachusetts,Norfolk County,21,104975,41219,99965,0,4
25023,MA,25,Massachusetts,Plymouth County,23,3373,2847,3563,0,4
25027,MA,25,Massachusetts,Worcester County,27,11934,4675,9974,0,4
25017,MA,25,Massachusetts,Middlesex County,17,261980,0,219045,66869,5
25025,MA,25,Massachusetts,Suffolk County,25,19337,0,13926,6248,5
25027,MA,25,Massachusetts,Worcester County,27,4289,0,3272,1739,5
25009,MA,25,Massachusetts,Essex County,9,226319,0,161146,72238,6
25017,MA,25,Massachusetts,Middlesex County,17,82604,0,56557,32560,6
25017,MA,25,Massachusetts,Middlesex County,17,69756,0,60383,0,7
25021,MA,25,Massachusetts,Norfolk County,21,15485,0,12909,0,7
25025,MA,25,Massachusetts,Suffolk County,25,168113,0,143267,0,7
25005,MA,25,Massachusetts,Bristol County,5,1930,1284,1917,0,8
25021,MA,25,Massachusetts,Norfolk County,21,135758,54783,129765,0,8
25023,MA,25,Massachusetts,Plymouth County,23,73207,33109,70165,0,8
25025,MA,25,Massachusetts,Suffolk County,25,60124,13568,57312,0,8
25001,MA,25,Massachusetts,Barnstable County,1,74632,48126,72289,45535,9
25005,MA,25,Massachusetts,Bristol County,5,49015,22660,40790,22444,9
25007,MA,25,Massachusetts,Dukes County,7,8247,2253,7916,2157,9
25019,MA,25,Massachusetts,Nantucket County,19,4045,1635,2901,1240,9
25023,MA,25,Massachusetts,Plymouth County,23,75851,53129,68451,60087,9
23005,ME,23,Maine,Cumberland County,5,NA,NA,97640,"43,004",1
23011,ME,23,Maine,Kennebec County,11,NA,NA,18020,12758,1
23013,ME,23,Maine,Knox County,13,NA,NA,12689,6578,1
23015,ME,23,Maine,Lincoln County,15,NA,NA,10409,7506,1
23023,ME,23,Maine,Sagadahoc County,23,NA,NA,10634,7301,1
23031,ME,23,Maine,York County,31,NA,NA,50588,33933,1
23001,ME,23,Maine,Androscoggin County,1,NA,NA,NA,NA,
23003,ME,23,Maine,Aroostook County,3,NA,NA,NA,NA,
23007,ME,23,Maine,Franklin County,7,NA,NA,NA,NA,
23009,ME,23,Maine,Hancock County,9,NA,NA,NA,NA,
23017,ME,23,Maine,Oxford County,17,NA,NA,NA,NA,
23019,ME,23,Maine,Penobscot County,19,NA,NA,NA,NA,
23021,ME,23,Maine,Piscataquis County,21,NA,NA,NA,NA,
23025,ME,23,Maine,Somerset County,25,NA,NA,NA,NA,
23027,ME,23,Maine,Waldo County,27,NA,NA,NA,NA,
23029,ME,23,Maine,Washington County,29,NA,NA,NA,NA,
30001,MT,30,Montana,Beaverhead County,1,"1,424","3,417","1,681","3,113",1
30003,MT,30,Montana,Big Horn County,3,"2,393","1,851","2,865","1,705",1
30005,MT,30,Montana,Blaine County,5,"1,476","1,241","1,742","1,173",1
30007,MT,30,Montana,Broadwater County,7,710,"2,393",897,"2,249",1
30009,MT,30,Montana,Carbon County,9,"2,156","3,758","2,442","3,450",1
30011,MT,30,Montana,Carter County,11,89,677,100,636,1
30013,MT,30,Montana,Cascade County,13,"14,833","19,546","15,826","17,219",1
30015,MT,30,Montana,Chouteau County,15,911,"1,681","1,071","1,515",1
30017,MT,30,Montana,Custer County,17,"1,612","3,535","1,638","3,085",1
30019,MT,30,Montana,Daniels County,19,200,633,240,684,1
30021,MT,30,Montana,Dawson County,21,"1,098","3,149","1,128","2,811",1
30023,MT,30,Montana,Deer Lodge County,23,"2,537","1,627","2,693","1,379",1
30025,MT,30,Montana,Fallon County,25,227,"1,219",226,"1,025",1
30027,MT,30,Montana,Fergus County,27,"1,559","4,230","1,752","3,915",1
30029,MT,30,Montana,Flathead County,29,"15,029","30,768","18,051","28,450",1
30031,MT,30,Montana,Gallatin County,31,"26,777","25,972","31,297","23,157",1
30033,MT,30,Montana,Garfield County,33,56,651,55,606,1
30035,MT,30,Montana,Glacier County,35,"3,544","1,613","3,564","1,307",1
30037,MT,30,Montana,Golden Valley County,37,96,373,108,323,1
30039,MT,30,Montana,Granite County,39,575,"1,188",609,"1,133",1
30041,MT,30,Montana,Hill County,41,"2,968","3,422","3,315","2,834",1
30043,MT,30,Montana,Jefferson County,43,"2,329","4,342","2,621","4,016",1
30045,MT,30,Montana,Judith Basin County,45,324,875,311,849,1
30047,MT,30,Montana,Lake County,47,"5,613","7,328","6,416","7,013",1
30049,MT,30,Montana,Lewis and Clark County,49,"15,765","18,653","18,798","15,686",1
30051,MT,30,Montana,Liberty County,51,238,713,299,653,1
30053,MT,30,Montana,Lincoln County,53,"2,445","6,531","2,628","6,453",1
30057,MT,30,Montana,Madison County,57,"1,437","3,270","1,667","3,159",1
30055,MT,30,Montana,McCone County,55,200,838,194,813,1
30059,MT,30,Montana,Meagher County,59,226,742,264,680,1
30061,MT,30,Montana,Mineral County,61,666,"1,288",702,"1,286",1
30063,MT,30,Montana,Missoula County,63,"34,912","23,941","39,416","20,567",1
30065,MT,30,Montana,Musselshell County,65,456,"1,892",502,"1,833",1
30067,MT,30,Montana,Park County,67,"4,167","4,969","4,741","4,711",1
30069,MT,30,Montana,Petroleum County,69,48,272,46,259,1
30071,MT,30,Montana,Phillips County,71,493,"1,767",451,"1,588",1
30073,MT,30,Montana,Pondera County,73,955,"1,774","1,004","1,607",1
30075,MT,30,Montana,Powder River County,75,162,861,172,785,1
30077,MT,30,Montana,Powell County,77,784,"1,953",859,"1,806",1
30079,MT,30,Montana,Prairie County,79,141,522,149,484,1
30081,MT,30,Montana,Ravalli County,81,"7,181","14,980","8,289","14,495",1
30083,MT,30,Montana,Richland County,83,896,"3,772",962,"3,260",1
30085,MT,30,Montana,Roosevelt County,85,"1,947","1,685","1,865","1,476",1
30087,MT,30,Montana,Rosebud County,87,"1,250","2,223","1,349","1,918",1
30089,MT,30,Montana,Sanders County,89,"1,623","4,079","1,853","4,077",1
30091,MT,30,Montana,Sheridan County,91,536,"1,260",661,"1,087",1
30093,MT,30,Montana,Silver Bow County,93,"10,126","6,235","10,822","5,032",1
30095,MT,30,Montana,Stillwater County,95,"1,200","3,558","1,350","3,373",1
30097,MT,30,Montana,Sweet Grass County,97,505,"1,587",580,"1,475",1
30099,MT,30,Montana,Teton County,99,"1,046","2,172","1,117","1,959",1
30101,MT,30,Montana,Toole County,101,493,"1,511",542,"1,310",1
30103,MT,30,Montana,Treasure County,103,96,346,95,308,1
30105,MT,30,Montana,Valley County,105,"1,116","2,701","1,256","2,442",1
30107,MT,30,Montana,Wheatland County,107,242,689,277,631,1
30109,MT,30,Montana,Wibaux County,109,105,408,114,402,1
30111,MT,30,Montana,Yellowstone County,111,"25,926","42,677","29,612","37,399",1
33001,NH,33,New Hampshire,Belknap County,1,12924,16573,11965,13821,1
33003,NH,33,New Hampshire,Carroll County,3,12191,12697,12146,11464,1
33009,NH,33,New Hampshire,Grafton County,9,867,801,848,679,1
33011,NH,33,New Hampshire,Hillsborough County,11,37548,36686,37234,28399,1
33013,NH,33,New Hampshire,Merrimack County,13,6130,4466,6043,4221,1
33015,NH,33,New Hampshire,Rockingham County,15,61832,62896,59793,52361,1
33017,NH,33,New Hampshire,Strafford County,17,33500,24714,30819,21469,1
33003,NH,33,New Hampshire,Carroll County,3,326,353,291,304,2
33005,NH,33,New Hampshire,Cheshire County,5,22145,15868,19784,11830,2
33007,NH,33,New Hampshire,Coos County,7,7633,6930,6111,5120,2
33009,NH,33,New Hampshire,Grafton County,9,28265,19331,25814,13981,2
33011,NH,33,New Hampshire,Hillsborough County,11,56175,58073,50255,42961,2
33013,NH,33,New Hampshire,Merrimack County,13,37315,31855,33623,23823,2
33015,NH,33,New Hampshire,Rockingham County,15,13217,18250,11418,13728,2
33019,NH,33,New Hampshire,Sullivan County,19,10627,10036,9200,7553,2
35001,NM,35,New Mexico,Bernalillo County,1,168113,86866,137467,80839,1
35043,NM,35,New Mexico,Sandoval County,43,6936,4197,5836,4026,1
35049,NM,35,New Mexico,Santa Fe County,49,1172,1619,893,1493,1
35057,NM,35,New Mexico,Torrance County,57,3134,3114,1940,3132,1
35061,NM,35,New Mexico,Valencia County,61,1733,1083,1200,1017,1
35001,NM,35,New Mexico,Bernalillo County,1,316,400,536,168,2
35003,NM,35,New Mexico,Catron County,3,469,1536,553,1264,2
35005,NM,35,New Mexico,Chaves County,5,4929,14920,6058,10505,2
35006,NM,35,New Mexico,Cibola County,6,2945,4943,4355,2634,2
35011,NM,35,New Mexico,De Baca County,11,162,715,292,500,2
35013,NM,35,New Mexico,Dona Ana County,13,36362,32633,39206,21461,2
35015,NM,35,New Mexico,Eddy County,15,4324,14881,5198,10413,2
35017,NM,35,New Mexico,Grant County,17,6194,6374,7176,4530,2
35019,NM,35,New Mexico,Guadalupe County,19,698,1050,1162,505,2
35023,NM,35,New Mexico,Hidalgo County,23,652,1161,817,760,2
35025,NM,35,New Mexico,Lea County,25,2884,14430,3910,9842,2
35027,NM,35,New Mexico,Lincoln County,27,2192,6545,2812,4953,2
35029,NM,35,New Mexico,Luna County,29,2757,4255,3198,2890,2
35031,NM,35,New Mexico,McKinley County,31,909,955,1327,296,2
35035,NM,35,New Mexico,Otero County,35,5580,13982,6873,10176,2
35041,NM,35,New Mexico,Roosevelt County,41,446,2125,561,1562,2
35051,NM,35,New Mexico,Sierra County,51,1640,3453,2052,2611,2
35053,NM,35,New Mexico,Socorro County,53,2728,3952,3879,2325,2
35061,NM,35,New Mexico,Valencia County,61,9045,15205,11524,10372,2
35001,NM,35,New Mexico,Bernalillo County,1,6123,5653,5753,4211,3
35007,NM,35,New Mexico,Colfax County,7,2999,2260,2474,1935,3
35009,NM,35,New Mexico,Curry County,9,4318,8681,3319,6415,3
35021,NM,35,New Mexico,Harding County,21,228,285,202,244,3
35028,NM,35,New Mexico,Los Alamos County,28,6514,4151,6217,3087,3
35031,NM,35,New Mexico,McKinley County,31,14684,4627,12668,3056,3
35033,NM,35,New Mexico,Mora County,33,1789,614,1788,464,3
35037,NM,35,New Mexico,Quay County,37,1555,1933,1304,1646,3
35039,NM,35,New Mexico,Rio Arriba County,39,11594,3093,9916,2324,3
35041,NM,35,New Mexico,Roosevelt County,41,1261,1974,945,1389,3
35045,NM,35,New Mexico,San Juan County,45,17993,27083,14150,19753,3
35047,NM,35,New Mexico,San Miguel County,47,8449,2124,7379,1552,3
35043,NM,35,New Mexico,Sandoval County,43,26772,22617,24721,17483,3
35049,NM,35,New Mexico,Santa Fe County,49,53686,13577,51799,10049,3
35055,NM,35,New Mexico,Taos County,55,12123,2903,12098,1888,3
35059,NM,35,New Mexico,Union County,59,524,1155,468,931,3
32003,NV,32,Nevada,Clark County,3,"116,537","54,174","100,707","46,978",1
32510,NV,32,Nevada,Carson City,510,"8,451","14,594","8,983","13,624",2
32001,NV,32,Nevada,Churchill County,1,"1,983","8,033","1,983","7,506",2
32005,NV,32,Nevada,Douglas County,5,"7,361","18,555","8,093","17,734",2
32007,NV,32,Nevada,Elko County,7,"3,168","13,600","2,965","12,069",2
32011,NV,32,Nevada,Eureka County,11,85,699,89,658,2
32013,NV,32,Nevada,Humboldt County,13,"1,160","4,719","1,164","4,322",2
32015,NV,32,Nevada,Lander County,15,376,"1,781",376,"1,692",2
32019,NV,32,Nevada,Lyon County,19,"4,790","12,845","4,644","11,991",2
32027,NV,32,Nevada,Pershing County,27,393,"1,405",377,"1,369",2
32029,NV,32,Nevada,Storey County,29,693,"1,653",722,"1,608",2
32031,NV,32,Nevada,Washoe County,31,"87,262","104,792","90,706","94,862",2
32003,NV,32,Nevada,Clark County,3,"146,869","142,926","148,501","122,566",3
32003,NV,32,Nevada,Clark County,3,"121,699","97,666","114,408","83,446",4
32009,NV,32,Nevada,Esmeralda County,9,62,328,54,290,4
32017,NV,32,Nevada,Lincoln County,17,261,"1,676",304,"1,538",4
32019,NV,32,Nevada,Lyon County,19,827,"2,971",879,"2,976",4
32021,NV,32,Nevada,Mineral County,21,579,"1,115",646,"1,006",4
32023,NV,32,Nevada,Nye County,23,"4,839","11,985","4,960","11,160",4
32033,NV,32,Nevada,White Pine County,33,718,"2,587",711,"2,332",4
41007,OR,41,Oregon,Clatsop County,7,"11,165","7,156","11,101","6,526",1
41009,OR,41,Oregon,Columbia County,9,"12,348","11,711","12,130","10,642",1
41051,OR,41,Oregon,Multnomah County,51,"26,287","5,385","27,710","4,183",1
41067,OR,41,Oregon,Washington County,67,"154,293","92,442","158,464","75,189",1
41071,OR,41,Oregon,Yamhill County,71,"21,298","23,062","21,793","19,906",1
41001,OR,41,Oregon,Baker County,1,"1,524","7,036","1,894","6,004",2
41013,OR,41,Oregon,Crook County,13,"2,030","9,720","2,698","8,335",2
41017,OR,41,Oregon,Deschutes County,17,"31,539","63,565","46,924","45,939",2
41021,OR,41,Oregon,Gilliam County,21,134,872,256,707,2
41023,OR,41,Oregon,Grant County,23,647,"3,555",770,"2,845",2
41025,OR,41,Oregon,Harney County,25,668,"3,178",672,"2,681",2
41027,OR,41,Oregon,Hood River County,27,"5,284","5,289","6,735","3,578",2
41029,OR,41,Oregon,Jackson County,29,"34,895","69,481","46,142","51,835",2
41031,OR,41,Oregon,Jefferson County,31,"2,223","6,856","3,006","5,394",2
41033,OR,41,Oregon,Josephine County,33,"5,856","20,884","8,137","15,721",2
41035,OR,41,Oregon,Klamath County,35,"5,431","24,137","7,126","19,665",2
41037,OR,41,Oregon,Lake County,37,521,"3,292",571,"2,768",2
41045,OR,41,Oregon,Malheur County,45,"2,038","8,033","2,121","6,359",2
41049,OR,41,Oregon,Morrow County,49,753,"3,284",934,"2,611",2
41055,OR,41,Oregon,Sherman County,55,133,854,200,755,2
41059,OR,41,Oregon,Umatilla County,59,"5,907","20,746","7,596","15,332",2
41061,OR,41,Oregon,Union County,61,"2,474","10,157","3,281","7,926",2
41063,OR,41,Oregon,Wallowa County,63,907,"3,325","1,212","2,692",2
41065,OR,41,Oregon,Wasco County,65,"3,565","8,004","4,846","5,858",2
41069,OR,41,Oregon,Wheeler County,69,111,684,177,592,2
41005,OR,41,Oregon,Clackamas County,5,"22,913",0,"21,225","24,109",3
41051,OR,41,Oregon,Multnomah County,51,"251,774",0,"257,794","52,078",3
41003,OR,41,Oregon,Benton County,3,"27,050","10,471","26,770","8,741",4
41011,OR,41,Oregon,Coos County,11,"14,534","14,870","13,116","14,804",4
41015,OR,41,Oregon,Curry County,15,"5,574","6,227","5,070","6,172",4
41019,OR,41,Oregon,Douglas County,19,"22,424","28,128","18,824","28,379",4
41033,OR,41,Oregon,Josephine County,33,"6,422","8,937","5,853","8,569",4
41039,OR,41,Oregon,Lane County,39,"119,691","59,409","116,561","55,535",4
41043,OR,41,Oregon,Linn County,43,"24,933","29,701","22,516","30,214",4
41003,OR,41,Oregon,Benton County,3,"3,237","3,542","3,450","3,313",5
41005,OR,41,Oregon,Clackamas County,5,"87,250","61,157","87,424","56,763",5
41041,OR,41,Oregon,Lincoln County,41,"14,571","8,699","14,223","8,857",5
41047,OR,41,Oregon,Marion County,47,"65,374","61,687","63,916","57,074",5
41051,OR,41,Oregon,Multnomah County,51,"2,877","1,101","3,005",921,5
41053,OR,41,Oregon,Polk County,53,"19,026","18,646","18,367","17,241",5
41057,OR,41,Oregon,Tillamook County,57,"7,170","5,611","6,802","5,718",5
44001,RI,44,Rhode Island,Bristol County,1,14047,9422,13493,7568,1
44005,RI,44,Rhode Island,Newport County,5,22666,15160,21189,12257,1
44007,RI,44,Rhode Island,Providence County,7,93520,46415,81340,37741,1
44003,RI,44,Rhode Island,Kent County,3,44597,25294,41046,25842,2
44007,RI,44,Rhode Island,Providence County,7,54475,24770,49533,26785,2
44009,RI,44,Rhode Island,Washington County,9,33834,20224,35836,19643,2
49003,UT,49,Utah,Box Elder County,3,"2,914","15,300",2453,14456,1
49005,UT,49,Utah,Cache County,5,"10,219","31,574",7587,24188,1
49009,UT,49,Utah,Daggett County,9,95,310,72,326,1
49011,UT,49,Utah,Davis County,11,"18,707","57,066",16795,46974,1
49013,UT,49,Utah,Duchesne County,13,713,"5,755",575,4908,1
49029,UT,49,Utah,Morgan County,29,816,"4,037",574,3954,1
49033,UT,49,Utah,Rich County,33,130,932,118,908,1
49043,UT,49,Utah,Summit County,43,"10,529","8,562",10472,7437,1
49047,UT,49,Utah,Uintah County,47,"1,397","10,362",1070,8677,1
49057,UT,49,Utah,Weber County,57,"27,861","49,030",23592,44864,1
49001,UT,49,Utah,Beaver County,1,320,"2,020",277,1769,2
49011,UT,49,Utah,Davis County,11,"13,198","40,209",15109,33025,2
49017,UT,49,Utah,Garfield County,17,386,"1,829",427,1670,2
49021,UT,49,Utah,Iron County,21,"2,731","13,542",2919,11945,2
49023,UT,49,Utah,Juab County,23,107,233,82,207,2
49025,UT,49,Utah,Kane County,25,794,"2,507",798,2200,2
49027,UT,49,Utah,Millard County,27,455,"4,166",491,3992,2
49031,UT,49,Utah,Piute County,31,53,621,60,621,2
49035,UT,49,Utah,Salt Lake County,35,"57,950","31,559",64167,26564,2
49039,UT,49,Utah,Sanpete County,39,541,"4,523",580,4008,2
49041,UT,49,Utah,Sevier County,41,824,"7,273",759,6282,2
49045,UT,49,Utah,Tooele County,45,"5,252","14,632",6142,14160,2
49053,UT,49,Utah,Washington County,53,"10,875","46,382",12954,44026,2
49055,UT,49,Utah,Wayne County,55,294,"1,046",286,1020,2
49007,UT,49,Utah,Carbon County,7,"2,456","5,352",1804,4726,3
49015,UT,49,Utah,Emery County,15,537,"3,659",438,3208,3
49019,UT,49,Utah,Grand County,19,"2,210","2,299",2231,1961,3
49035,UT,49,Utah,Salt Lake County,35,"36,166","51,753",36268,45787,3
49037,UT,49,Utah,San Juan County,37,"2,117","3,227",2283,2761,3
49049,UT,49,Utah,Utah County,49,"28,777","134,808",24005,108519,3
49051,UT,49,Utah,Wasatch County,51,"3,453","8,491",3657,7894,3
49023,UT,49,Utah,Juab County,23,745,"2,869",698,2707,4
49035,UT,49,Utah,Salt Lake County,35,"104,722","114,981",124754,104742,4
49039,UT,49,Utah,Sanpete County,39,926,"3,427",996,3389,4
49049,UT,49,Utah,Utah County,49,"7,020","26,320",8516,23432,4
51033,VA,51,Virginia,Caroline County,33,"5,999","7,391",5575,5775,1
51057,VA,51,Virginia,Essex County,57,"1,961","3,093",2113,2313,1
51061,VA,51,Virginia,Fauquier County,61,"1,918","5,107",1996,3915,1
51630,VA,51,Virginia,Fredericksburg city,630,"5,924","4,320",6312,3393,1
51073,VA,51,Virginia,Gloucester County,73,"4,758","13,818",4818,10792,1
51085,VA,51,Virginia,Hanover County,85,"17,458","41,364",18146,35497,1
51095,VA,51,Virginia,James City County,95,"11,649","20,425",13940,16442,1
51097,VA,51,Virginia,King and Queen County,97,"1,259","2,237",1239,1728,1
51099,VA,51,Virginia,King George County,99,"3,385","8,107",3618,6138,1
51101,VA,51,Virginia,King William County,101,"2,383","5,932",2455,5054,1
51103,VA,51,Virginia,Lancaster County,103,"2,374","3,972",2439,3271,1
51115,VA,51,Virginia,Mathews County,115,"1,324","3,748",1378,3027,1
51119,VA,51,Virginia,Middlesex County,119,"1,663","4,001",1800,3328,1
51127,VA,51,Virginia,New Kent County,127,"3,124","8,243",3412,7259,1
51133,VA,51,Virginia,Northumberland County,133,"2,258","4,813",2384,3892,1
51153,VA,51,Virginia,Prince William County,153,"38,074","40,105",39426,29992,1
51159,VA,51,Virginia,Richmond County,159,881,"2,615",1012,1893,1
51177,VA,51,Virginia,Spotsylvania County,177,"6,390","8,552",6509,6491,1
51179,VA,51,Virginia,Stafford County,179,"25,232","37,102",26763,29214,1
51193,VA,51,Virginia,Westmoreland County,193,"2,771","5,268",3129,3836,1
51001,VA,51,Virginia,Accomack County,1,"5,660","9,492",5729,7025,2
51650,VA,51,Virginia,Hampton city,650,"5,964","8,273",6820,5927,2
51095,VA,51,Virginia,James City County,95,"3,974","5,123",4472,3904,2
51710,VA,51,Virginia,Norfolk city,710,"12,240","14,242",13998,9421,2
51131,VA,51,Virginia,Northampton County,131,"2,741","3,240",2807,2312,2
51735,VA,51,Virginia,Poquoson city,735,"1,249","5,700",1555,4429,2
51810,VA,51,Virginia,Virginia Beach city,810,"72,110","119,362",86822,82586,2
51830,VA,51,Virginia,Williamsburg city,830,"4,700","2,702",4408,1787,2
51199,VA,51,Virginia,York County,199,"10,802","22,341",12960,16067,2
51550,VA,51,Virginia,Chesapeake city,550,"29,858","19,313",29758,0,3
51620,VA,51,Virginia,Franklin city,620,"2,484","1,351",2152,0,3
51650,VA,51,Virginia,Hampton city,650,"33,987","9,905",31900,0,3
51093,VA,51,Virginia,Isle of Wight County,93,"8,249","12,109",8975,0,3
51700,VA,51,Virginia,Newport News city,700,"45,828","25,712",44518,0,3
51710,VA,51,Virginia,Norfolk city,710,"42,881","10,898",38121,0,3
51740,VA,51,Virginia,Portsmouth city,740,"29,352","12,578",26301,0,3
51800,VA,51,Virginia,Suffolk city,800,"15,698","11,423",16890,0,3
51036,VA,51,Virginia,Charles City County,36,"2,515","1,485",2085,1224,4
51550,VA,51,Virginia,Chesapeake city,550,"20,648","36,784",21871,27865,4
51041,VA,51,Virginia,Chesterfield County,41,"21,213","27,381",20104,20808,4
51043,VA,51,Virginia,Clarke County,43,"2,288","5,706",1948,4357,4
51053,VA,51,Virginia,Dinwiddie County,53,"5,655","7,436",4756,5705,4
51595,VA,51,Virginia,Emporia city,595,"1,411",823,1138,626,4
51081,VA,51,Virginia,Greensville County,81,"2,455","1,682",2067,1381,4
51087,VA,51,Virginia,Henrico County,87,"30,459","10,830",28563,8084,4
51670,VA,51,Virginia,Hopewell city,670,"4,728","4,090",3803,2971,4
51730,VA,51,Virginia,Petersburg city,730,"11,500","1,749",9074,1024,4
51149,VA,51,Virginia,Prince George County,149,"6,259","9,217",5321,7139,4
51760,VA,51,Virginia,Richmond city,760,"75,620","22,529",73254,14005,4
51175,VA,51,Virginia,Southampton County,175,"3,206","4,691",2895,3967,4
51800,VA,51,Virginia,Suffolk city,800,"7,253","7,480",6587,5453,4
51181,VA,51,Virginia,Surry County,181,"2,210","1,850",1944,1478,4
51183,VA,51,Virginia,Sussex County,183,"2,716","1,998",2232,1619,4
51003,VA,51,Virginia,Albemarle County,3,"31,326","22,784",34409,18807,5
51011,VA,51,Virginia,Appomattox County,11,"1,863","5,802",1744,4909,5
51019,VA,51,Virginia,Bedford County,19,"5,496","17,198",4975,14050,5
51025,VA,51,Virginia,Brunswick County,25,"4,117","3,280",3666,2463,5
51029,VA,51,Virginia,Buckingham County,29,"2,790","4,146",2737,3363,5
51031,VA,51,Virginia,Campbell County,31,"6,479","20,326",6045,15829,5
51037,VA,51,Virginia,Charlotte County,37,"1,992","3,546",1820,2888,5
51540,VA,51,Virginia,Charlottesville city,540,"17,404","4,565",17422,3010,5
51049,VA,51,Virginia,Cumberland County,49,"1,833","2,848",1790,2350,5
51590,VA,51,Virginia,Danville city,590,"10,682","7,932",9216,5847,5
51061,VA,51,Virginia,Fauquier County,61,"10,564","18,901",11109,15047,5
51065,VA,51,Virginia,Fluvanna County,65,"5,590","7,760",5790,6172,5
51067,VA,51,Virginia,Franklin County,67,"7,451","19,049",6727,15355,5
51079,VA,51,Virginia,Greene County,79,"3,023","6,411",3062,5050,5
51083,VA,51,Virginia,Halifax County,83,"6,493","9,981",5791,7843,5
51089,VA,51,Virginia,Henry County,89,"2,630","3,830",2362,2986,5
51111,VA,51,Virginia,Lunenburg County,111,"2,017","3,170",1911,2557,5
51113,VA,51,Virginia,Madison County,113,"2,219","4,652",2202,3813,5
51117,VA,51,Virginia,Mecklenburg County,117,"5,736","8,664",5153,6616,5
51125,VA,51,Virginia,Nelson County,125,"3,730","4,414",3669,3686,5
51143,VA,51,Virginia,Pittsylvania County,143,"8,742","21,272",7788,17429,5
51147,VA,51,Virginia,Prince Edward County,147,"4,368","4,625",3815,3227,5
51157,VA,51,Virginia,Rappahannock County,157,"1,794","2,602",1837,2042,5
51009,VA,51,Virginia,Amherst County,9,"4,436","10,516",4217,8326,6
51015,VA,51,Virginia,Augusta County,15,"8,664","27,194",8371,21412,6
51017,VA,51,Virginia,Bath County,17,522,"1,715",526,1216,6
51515,VA,51,Virginia,Bedford city,515,"3,698","15,224",4198,12170,6
51023,VA,51,Virginia,Botetourt County,23,"3,836","13,714",4258,11261,6
51530,VA,51,Virginia,Buena Vista city,530,620,"1,719",564,1191,6
51660,VA,51,Virginia,Harrisonburg city,660,"9,935","7,457",9130,4562,6
51091,VA,51,Virginia,Highland County,91,324,"1,053",382,800,6
51678,VA,51,Virginia,Lexington city,678,"1,389","1,019",1431,697,6
51680,VA,51,Virginia,Lynchburg city,680,"13,203","21,082",13191,13579,6
51139,VA,51,Virginia,Page County,139,"2,498","7,948",2372,5898,6
51770,VA,51,Virginia,Roanoke city,770,"19,663","18,260",19669,11538,6
51161,VA,51,Virginia,Roanoke County,161,"11,493","26,009",12198,18914,6
51163,VA,51,Virginia,Rockbridge County,163,"3,278","7,193",3310,6059,6
51165,VA,51,Virginia,Rockingham County,165,"9,999","26,847",9754,21876,6
51171,VA,51,Virginia,Shenandoah County,171,"5,028","14,843",5269,11211,6
51790,VA,51,Virginia,Staunton city,790,"4,955","6,044",5422,4182,6
51187,VA,51,Virginia,Warren County,187,"5,075","12,181",5031,9190,6
51820,VA,51,Virginia,Waynesboro city,820,"3,554","5,453",3840,3875,6
51007,VA,51,Virginia,Amelia County,7,"2,008","4,806",1926,3879,7
51041,VA,51,Virginia,Chesterfield County,41,"55,692","66,062",60897,50278,7
51047,VA,51,Virginia,Culpeper County,47,"7,561","14,323",7910,11239,7
51075,VA,51,Virginia,Goochland County,75,"4,429","8,965",5248,7913,7
51087,VA,51,Virginia,Henrico County,87,"55,118","56,841",63892,43684,7
51109,VA,51,Virginia,Louisa County,109,"6,149","11,068",6256,8982,7
51135,VA,51,Virginia,Nottoway County,135,"2,614","3,852",2401,2862,7
51137,VA,51,Virginia,Orange County,137,"5,772","11,007",6007,8797,7
51145,VA,51,Virginia,Powhatan County,145,"3,969","12,495",4333,10434,7
51177,VA,51,Virginia,Spotsylvania County,177,"16,847","28,638",17209,21227,7
51510,VA,51,Virginia,Alexandria city,510,"52,657","17,921",52006,13569,8
51013,VA,51,Virginia,Arlington County,13,"83,333","30,063",84506,22046,8
51059,VA,51,Virginia,Fairfax County,59,"105,049","48,714",104864,39874,8
51610,VA,51,Virginia,Falls Church city,610,"5,614","1,689",5761,1410,8
51005,VA,51,Virginia,Alleghany County,5,"1,997","4,988",1892,3563,9
51021,VA,51,Virginia,Bland County,21,501,"2,328",505,1950,9
51520,VA,51,Virginia,Bristol city,520,"1,985","4,662",1751,3521,9
51027,VA,51,Virginia,Buchanan County,27,"2,379","6,413",1824,4149,9
51035,VA,51,Virginia,Carroll County,35,"2,729","10,164",2551,8052,9
51580,VA,51,Virginia,Covington city,580,835,"1,384",755,1024,9
51045,VA,51,Virginia,Craig County,45,504,"2,156",529,1670,9
51051,VA,51,Virginia,Dickenson County,51,"1,928","4,172",1631,2864,9
51063,VA,51,Virginia,Floyd County,63,"2,279","5,316",2512,4237,9
51640,VA,51,Virginia,Galax city,640,712,"1,533",658,1173,9
51071,VA,51,Virginia,Giles County,71,"1,832","5,923",1933,4714,9
51077,VA,51,Virginia,Grayson County,77,"1,540","5,271",1543,4187,9
51089,VA,51,Virginia,Henry County,89,"4,794","11,191",4531,8808,9
51105,VA,51,Virginia,Lee County,105,"1,973","6,967",1735,5104,9
51690,VA,51,Virginia,Martinsville city,690,"3,019","2,301",2865,1673,9
51121,VA,51,Virginia,Montgomery County,121,"18,948","21,742",19969,15506,9
51720,VA,51,Virginia,Norton city,720,398,988,416,684,9
51141,VA,51,Virginia,Patrick County,141,"1,738","6,342",1620,5071,9
51155,VA,51,Virginia,Pulaski County,155,"4,143","10,221",4056,8021,9
51750,VA,51,Virginia,Radford city,750,"2,641","3,084",2978,2103,9
51161,VA,51,Virginia,Roanoke County,161,"3,470","8,887",3926,6876,9
51167,VA,51,Virginia,Russell County,167,"2,924","8,722",2695,6283,9
51775,VA,51,Virginia,Salem city,775,"3,424","8,156",3890,6008,9
51169,VA,51,Virginia,Scott County,169,"2,167","7,591",1687,5865,9
51173,VA,51,Virginia,Smyth County,173,"2,993","9,279",2825,6843,9
51185,VA,51,Virginia,Tazewell County,185,"3,702","13,974",2732,10643,9
51191,VA,51,Virginia,Washington County,191,"6,049","18,527",6001,14490,9
51195,VA,51,Virginia,Wise County,195,"3,403","11,017",2955,8022,9
51197,VA,51,Virginia,Wythe County,197,"2,870","9,539",2868,7829,9
51043,VA,51,Virginia,Clarke County,43,"2,895","4,988",3037,4152,10
51600,VA,51,Virginia,Fairfax County,59,"52,976","55,268",59253,41017,10
51069,VA,51,Virginia,Frederick County,69,"11,677","27,900",12109,22064,10
51107,VA,51,Virginia,Loudoun County,107,"89,523","89,358",100515,67545,10
51683,VA,51,Virginia,Manassas city,683,"8,045","6,718",7794,5118,10
51685,VA,51,Virginia,Manassas Park city,685,"3,046","2,036",2959,1419,10
51153,VA,51,Virginia,Prince William County,153,"14,580","19,026",15765,15317,10
51840,VA,51,Virginia,Winchester city,840,"4,970","5,497",4924,4209,10
51600,VA,51,Virginia,Fairfax city,600,"8,309",0,7089,3229,11
51059,VA,51,Virginia,Fairfax County,59,"181,460",0,164698,65105,11
51153,VA,51,Virginia,Prince William County,153,"58,049",0,47404,14689,11
50001,VT,50,Vermont,Addison County,1,16228,0,"12,269","4,186",1
50003,VT,50,Vermont,Bennington County,3,14226,0,"9,723","3,939",1
50005,VT,50,Vermont,Caledonia County,5,11567,0,"7,080","4,054",1
50007,VT,50,Vermont,Chittenden County,7,70924,0,"57,238","15,268",1
50009,VT,50,Vermont,Essex County,9,2265,0,"1,106",958,1
50011,VT,50,Vermont,Franklin County,11,18078,0,"11,047","6,251",1
50013,VT,50,Vermont,Grand Isle County,13,3455,0,"2,393","1,141",1
50015,VT,50,Vermont,Lamoille County,15,10879,0,"8,079","2,771",1
50017,VT,50,Vermont,Orange County,17,12212,0,"8,224","3,614",1
50019,VT,50,Vermont,Orleans County,19,9695,0,"5,569","3,850",1
50021,VT,50,Vermont,Rutland County,21,24342,0,"14,237","8,841",1
50023,VT,50,Vermont,Washington County,23,26545,0,"19,767","6,182",1
50025,VT,50,Vermont,Windham County,25,18843,0,"14,207","3,623",1
50027,VT,50,Vermont,Windsor County,27,25155,0,"17,608","6,027",1
53033,WA,53,Washington,King County,33,90514,50098,93249,41012,1
53045,WA,53,Washington,Mason County,45,3749,2677,3567,2525,1
53053,WA,53,Washington,Pierce County,53,90107,71828,86794,60405,1
53057,WA,53,Washington,Skagit County,57,11119,10011,11057,9344,1
53061,WA,53,Washington,Snohomish County,61,67546,64275,67984,55610,1
53067,WA,53,Washington,Thurston County,67,76604,45599,75854,40930,1
53073,WA,53,Washington,Whatcom County,73,24440,31395,24919,29568,1
53029,WA,53,Washington,Island County,29,24864,17901,26647,0,2
53055,WA,53,Washington,San Juan County,55,7769,2946,8130,0,2
53057,WA,53,Washington,Skagit County,57,19743,15084,20993,0,2
53061,WA,53,Washington,Snohomish County,61,114975,68508,112031,0,2
53073,WA,53,Washington,Whatcom County,73,40963,12655,42386,0,2
53011,WA,53,Washington,Clark County,11,81385,117923,99296,94930,3
53015,WA,53,Washington,Cowlitz County,15,16568,28932,19472,24930,3
53039,WA,53,Washington,Klickitat County,39,3891,6678,4802,5929,3
53041,WA,53,Washington,Lewis County,41,8824,25095,10939,22875,3
53049,WA,53,Washington,Pacific County,49,4310,6280,5337,5456,3
53059,WA,53,Washington,Skamania County,59,2069,3507,2521,3066,3
53067,WA,53,Washington,Thurston County,67,1963,3520,2018,3217,3
53069,WA,53,Washington,Wahkiakum County,69,810,1522,1022,1416,3
53001,WA,53,Washington,Adams County,1,0,4332,1104,3116,4
53005,WA,53,Washington,Benton County,5,0,77846,28289,46618,4
53017,WA,53,Washington,Douglas County,17,0,8001,2567,5833,4
53021,WA,53,Washington,Franklin County,21,0,22484,8870,13376,4
53025,WA,53,Washington,Grant County,25,0,26793,7189,19197,4
53047,WA,53,Washington,Okanogan County,47,0,15389,6555,10084,4
53071,WA,53,Washington,Walla Walla County,71,0,2249,555,1551,4
53077,WA,53,Washington,Yakima County,77,0,72825,28656,41776,4
53003,WA,53,Washington,Asotin County,3,3445,6303,3570,5527,5
53013,WA,53,Washington,Columbia County,13,556,1638,636,1572,5
53019,WA,53,Washington,Ferry County,19,1416,2217,1232,2272,5
53023,WA,53,Washington,Garfield County,23,295,973,333,1010,5
53043,WA,53,Washington,Lincoln County,43,1496,4261,1362,4215,5
53051,WA,53,Washington,Pend Oreille County,51,2449,4405,2350,4496,5
53063,WA,53,Washington,Spokane County,63,96695,133752,108697,119770,5
53065,WA,53,Washington,Stevens County,65,7409,15562,6961,15586,5
53071,WA,53,Washington,Walla Walla County,71,8633,14536,10831,12689,5
53075,WA,53,Washington,Whitman County,75,8181,9312,8953,8285,5
53009,WA,53,Washington,Clallam County,9,21557,17236,22633,16551,6
53027,WA,53,Washington,Grays Harbor County,27,16025,12315,15530,12646,6
53031,WA,53,Washington,Jefferson County,31,14110,5972,15076,5591,6
53035,WA,53,Washington,Kitsap County,35,74099,47489,76746,42628,6
53045,WA,53,Washington,Mason County,45,11189,10224,11267,10081,6
53053,WA,53,Washington,Pierce County,53,64738,32880,65157,29180,6
53033,WA,53,Washington,King County,33,354367,0,312252,56217,7
53061,WA,53,Washington,Snohomish County,61,24387,0,17548,8664,7
53007,WA,53,Washington,Chelan County,7,10771,22411,14903,17869,8
53017,WA,53,Washington,Douglas County,17,1944,4732,2608,3799,8
53033,WA,53,Washington,King County,33,82602,105885,107064,77306,8
53037,WA,53,Washington,Kittitas County,37,6657,12048,8700,10458,8
53053,WA,53,Washington,Pierce County,53,25746,48069,30814,39536,8
53033,WA,53,Washington,King County,33,198883,72263,232347,0,9
53053,WA,53,Washington,Pierce County,53,6282,4054,8220,0,9
56001,WY,56,Wyoming,Albany County,1,7892,7472,"7,509","5,868",1
56003,WY,56,Wyoming,Big Horn County,3,934,"3,811",649,"3,359",1
56005,WY,56,Wyoming,Campbell County,5,"2,298","13,658","1,680","10,291",1
56007,WY,56,Wyoming,Carbon County,7,"2,077","3,690","1,410","3,234",1
56009,WY,56,Wyoming,Converse County,9,"1,126","4,855",806,"3,715",1
56011,WY,56,Wyoming,Crook County,11,547,"2,833",346,"2,525",1
56013,WY,56,Wyoming,Fremont County,13,"5,450","10,095","4,534","8,562",1
56015,WY,56,Wyoming,Goshen County,15,"1,223","4,174","1,014","3,513",1
56017,WY,56,Wyoming,Hot Springs County,17,644,"1,725",451,"1,584",1
56019,WY,56,Wyoming,Johnson County,19,882,"3,161",686,"2,935",1
56021,WY,56,Wyoming,Laramie County,21,"14,115","23,188","11,871","18,474",1
56023,WY,56,Wyoming,Lincoln County,23,"1,532","6,511","1,132","5,617",1
56025,WY,56,Wyoming,Natrona County,25,"9,422","20,808","6,808","15,665",1
56027,WY,56,Wyoming,Niobrara County,27,217,969,136,929,1
56029,WY,56,Wyoming,Park County,29,"3,451","9,746","2,578","8,380",1
56031,WY,56,Wyoming,Platte County,31,"1,127","2,872",808,"2,618",1
56033,WY,56,Wyoming,Sheridan County,33,"4,343","9,079","3,270","7,749",1
56035,WY,56,Wyoming,Sublette County,35,987,"3,027",663,"2,522",1
56037,WY,56,Wyoming,Sweetwater County,37,"6,536","9,234","3,959","7,700",1
56039,WY,56,Wyoming,Teton County,39,"7,417","4,389","7,373","3,843",1
56041,WY,56,Wyoming,Uinta County,41,"1,826","5,686","1,256","4,517",1
56043,WY,56,Wyoming,Washakie County,43,799,"2,733",592,"2,263",1
56045,WY,56,Wyoming,Weston County,45,621,"2,460",372,"2,100",1
